{"cameraMode":{"drawMode":0,"name":"Shaded","section":"Shading Mode"},"sceneLighting":true,"audioPlay":false,"sceneViewState":{"m_AlwaysRefresh":false,"showFog":true,"showSkybox":true,"showFlares":true,"showImageEffects":true,"showParticleSystems":true,"showVisualEffectGraphs":true,"m_FxEnabled":true},"in2DMode":false,"pivot":{"x":-1.1227701902389527,"y":1.1196225881576539,"z":-18.620920181274415},"rotation":{"x":-0.17489100992679597,"y":0.0171528160572052,"z":-0.0030301164370030166,"w":-0.9844893217086792},"size":6.4990458488464359,"orthographic":false}